{"frames": [

{
	"filename": "Domino00.png",
	"frame": {"x":2,"y":2,"w":280,"h":560},
	"rotated": false,
	"trimmed": false,
	"spriteSourceSize": {"x":0,"y":0,"w":280,"h":560},
	"sourceSize": {"w":280,"h":560}
},
{
	"filename": "Domino10.png",
	"frame": {"x":284,"y":2,"w":281,"h":560},
	"rotated": false,
	"trimmed": false,
	"spriteSourceSize": {"x":0,"y":0,"w":281,"h":560},
	"sourceSize": {"w":281,"h":560}
},
{
	"filename": "Domino11.png",
	"frame": {"x":567,"y":2,"w":281,"h":560},
	"rotated": false,
	"trimmed": false,
	"spriteSourceSize": {"x":0,"y":0,"w":281,"h":560},
	"sourceSize": {"w":281,"h":560}
},
{
	"filename": "Domino20.png",
	"frame": {"x":2,"y":564,"w":281,"h":560},
	"rotated": false,
	"trimmed": false,
	"spriteSourceSize": {"x":0,"y":0,"w":281,"h":560},
	"sourceSize": {"w":281,"h":560}
},
{
	"filename": "Domino21.png",
	"frame": {"x":285,"y":564,"w":281,"h":560},
	"rotated": false,
	"trimmed": false,
	"spriteSourceSize": {"x":0,"y":0,"w":281,"h":560},
	"sourceSize": {"w":281,"h":560}
},
{
	"filename": "Domino22.png",
	"frame": {"x":568,"y":564,"w":281,"h":560},
	"rotated": false,
	"trimmed": false,
	"spriteSourceSize": {"x":0,"y":0,"w":281,"h":560},
	"sourceSize": {"w":281,"h":560}
},
{
	"filename": "Domino30.png",
	"frame": {"x":2,"y":1126,"w":281,"h":560},
	"rotated": false,
	"trimmed": false,
	"spriteSourceSize": {"x":0,"y":0,"w":281,"h":560},
	"sourceSize": {"w":281,"h":560}
},
{
	"filename": "Domino31.png",
	"frame": {"x":285,"y":1126,"w":281,"h":560},
	"rotated": false,
	"trimmed": false,
	"spriteSourceSize": {"x":0,"y":0,"w":281,"h":560},
	"sourceSize": {"w":281,"h":560}
},
{
	"filename": "Domino32.png",
	"frame": {"x":568,"y":1126,"w":281,"h":560},
	"rotated": false,
	"trimmed": false,
	"spriteSourceSize": {"x":0,"y":0,"w":281,"h":560},
	"sourceSize": {"w":281,"h":560}
},
{
	"filename": "Domino33.png",
	"frame": {"x":2,"y":1688,"w":281,"h":560},
	"rotated": false,
	"trimmed": false,
	"spriteSourceSize": {"x":0,"y":0,"w":281,"h":560},
	"sourceSize": {"w":281,"h":560}
},
{
	"filename": "Domino40.png",
	"frame": {"x":285,"y":1688,"w":281,"h":560},
	"rotated": false,
	"trimmed": false,
	"spriteSourceSize": {"x":0,"y":0,"w":281,"h":560},
	"sourceSize": {"w":281,"h":560}
},
{
	"filename": "Domino41.png",
	"frame": {"x":568,"y":1688,"w":281,"h":560},
	"rotated": false,
	"trimmed": false,
	"spriteSourceSize": {"x":0,"y":0,"w":281,"h":560},
	"sourceSize": {"w":281,"h":560}
},
{
	"filename": "Domino42.png",
	"frame": {"x":2,"y":2250,"w":281,"h":560},
	"rotated": false,
	"trimmed": false,
	"spriteSourceSize": {"x":0,"y":0,"w":281,"h":560},
	"sourceSize": {"w":281,"h":560}
},
{
	"filename": "Domino43.png",
	"frame": {"x":285,"y":2250,"w":281,"h":560},
	"rotated": false,
	"trimmed": false,
	"spriteSourceSize": {"x":0,"y":0,"w":281,"h":560},
	"sourceSize": {"w":281,"h":560}
},
{
	"filename": "Domino44.png",
	"frame": {"x":568,"y":2250,"w":281,"h":560},
	"rotated": false,
	"trimmed": false,
	"spriteSourceSize": {"x":0,"y":0,"w":281,"h":560},
	"sourceSize": {"w":281,"h":560}
},
{
	"filename": "Domino50.png",
	"frame": {"x":2,"y":2812,"w":281,"h":560},
	"rotated": false,
	"trimmed": false,
	"spriteSourceSize": {"x":0,"y":0,"w":281,"h":560},
	"sourceSize": {"w":281,"h":560}
},
{
	"filename": "Domino51.png",
	"frame": {"x":285,"y":2812,"w":281,"h":560},
	"rotated": false,
	"trimmed": false,
	"spriteSourceSize": {"x":0,"y":0,"w":281,"h":560},
	"sourceSize": {"w":281,"h":560}
},
{
	"filename": "Domino52.png",
	"frame": {"x":568,"y":2812,"w":281,"h":560},
	"rotated": false,
	"trimmed": false,
	"spriteSourceSize": {"x":0,"y":0,"w":281,"h":560},
	"sourceSize": {"w":281,"h":560}
},
{
	"filename": "Domino53.png",
	"frame": {"x":2,"y":3374,"w":281,"h":560},
	"rotated": false,
	"trimmed": false,
	"spriteSourceSize": {"x":0,"y":0,"w":281,"h":560},
	"sourceSize": {"w":281,"h":560}
},
{
	"filename": "Domino54.png",
	"frame": {"x":285,"y":3374,"w":281,"h":560},
	"rotated": false,
	"trimmed": false,
	"spriteSourceSize": {"x":0,"y":0,"w":281,"h":560},
	"sourceSize": {"w":281,"h":560}
},
{
	"filename": "Domino55.png",
	"frame": {"x":568,"y":3374,"w":281,"h":560},
	"rotated": false,
	"trimmed": false,
	"spriteSourceSize": {"x":0,"y":0,"w":281,"h":560},
	"sourceSize": {"w":281,"h":560}
},
{
	"filename": "Domino60.png",
	"frame": {"x":2,"y":3936,"w":281,"h":560},
	"rotated": false,
	"trimmed": false,
	"spriteSourceSize": {"x":0,"y":0,"w":281,"h":560},
	"sourceSize": {"w":281,"h":560}
},
{
	"filename": "Domino61.png",
	"frame": {"x":285,"y":3936,"w":281,"h":560},
	"rotated": false,
	"trimmed": false,
	"spriteSourceSize": {"x":0,"y":0,"w":281,"h":560},
	"sourceSize": {"w":281,"h":560}
},
{
	"filename": "Domino62.png",
	"frame": {"x":568,"y":3936,"w":281,"h":560},
	"rotated": false,
	"trimmed": false,
	"spriteSourceSize": {"x":0,"y":0,"w":281,"h":560},
	"sourceSize": {"w":281,"h":560}
},
{
	"filename": "Domino63.png",
	"frame": {"x":2,"y":4498,"w":281,"h":560},
	"rotated": false,
	"trimmed": false,
	"spriteSourceSize": {"x":0,"y":0,"w":281,"h":560},
	"sourceSize": {"w":281,"h":560}
},
{
	"filename": "Domino64.png",
	"frame": {"x":285,"y":4498,"w":281,"h":560},
	"rotated": false,
	"trimmed": false,
	"spriteSourceSize": {"x":0,"y":0,"w":281,"h":560},
	"sourceSize": {"w":281,"h":560}
},
{
	"filename": "Domino65.png",
	"frame": {"x":568,"y":4498,"w":281,"h":560},
	"rotated": false,
	"trimmed": false,
	"spriteSourceSize": {"x":0,"y":0,"w":281,"h":560},
	"sourceSize": {"w":281,"h":560}
},
{
	"filename": "Domino66.png",
	"frame": {"x":2,"y":5060,"w":281,"h":560},
	"rotated": false,
	"trimmed": false,
	"spriteSourceSize": {"x":0,"y":0,"w":281,"h":560},
	"sourceSize": {"w":281,"h":560}
},
{
	"filename": "black.png",
	"frame": {"x":285,"y":5060,"w":281,"h":560},
	"rotated": false,
	"trimmed": false,
	"spriteSourceSize": {"x":0,"y":0,"w":281,"h":560},
	"sourceSize": {"w":281,"h":560}
},
{
	"filename": "end_turn.png",
	"frame": {"x":568,"y":5060,"w":81,"h":23},
	"rotated": false,
	"trimmed": false,
	"spriteSourceSize": {"x":0,"y":0,"w":81,"h":23},
	"sourceSize": {"w":81,"h":23}
},
{
	"filename": "green.png",
	"frame": {"x":2,"y":5622,"w":640,"h":480},
	"rotated": false,
	"trimmed": false,
	"spriteSourceSize": {"x":0,"y":0,"w":640,"h":480},
	"sourceSize": {"w":640,"h":480}
},
{
	"filename": "new_game.png",
	"frame": {"x":644,"y":5622,"w":80,"h":26},
	"rotated": false,
	"trimmed": false,
	"spriteSourceSize": {"x":0,"y":0,"w":80,"h":26},
	"sourceSize": {"w":80,"h":26}
},
{
	"filename": "start_turn.png",
	"frame": {"x":726,"y":5622,"w":80,"h":25},
	"rotated": false,
	"trimmed": false,
	"spriteSourceSize": {"x":0,"y":0,"w":80,"h":25},
	"sourceSize": {"w":80,"h":25}
},
{
	"filename": "wood.jpeg",
	"frame": {"x":2,"y":6104,"w":259,"h":194},
	"rotated": false,
	"trimmed": false,
	"spriteSourceSize": {"x":0,"y":0,"w":259,"h":194},
	"sourceSize": {"w":259,"h":194}
}],
"meta": {
	"app": "http://www.texturepacker.com",
	"version": "1.0",
	"image": "dominos.png",
	"format": "RGBA8888",
	"size": {"w":851,"h":6300},
	"scale": "1",
	"smartupdate": "$TexturePacker:SmartUpdate:eda08c04537eff915c048c05f93bb4ba$"
}
}
